,company,investment,sales,employee,category,keyword,establishment,view
0,뤼튼테크놀로지스_뤼튼,62.6667,0.5,93,"콘텐츠/예술, 교육, AI/딥테크/블록체인","콘텐츠/예술,교육,AI,",3,3260
1,업스테이지_아숙업,354,14.75,135,"통신/보안/데이터, AI/딥테크/블록체인","커머스, 푸드/농업, 이커머스, 리뷰, 신선식품, 가공식품, 생활용품/소품, 플랫폼/마켓플레이스, 상품판매/브랜드/하드웨어, WEB, 리워드",4,3250
2,버킷플레이스_오늘의집,318,186.41,660,"커머스, 소셜미디어/커뮤니티, 홈리빙/펫","AI/딥테크/블록체인, 통신/보안/데이터, 최근투자받은추천채용기업, 프로그래밍개발, 인공지능, B2B, SaaS/엔터프라이즈, 소프트웨어, 생성형AI",10,3240
3,두잇_두잇,13,4.25,49,"물류, 푸드/농업","홈리빙/펫, 커머스, 소셜미디어/커뮤니티, K-유니콘, 인테리어, B2B, B2C, APP, WEB, 가구, 생활용품/소품, 이커머스, 커뮤니티, 플랫폼/마켓플레이스, 거래수수료, 콘텐츠, 검색/검색엔진, 코로나",2,3230
4,김캐디_김캐디,20.1,2.9,30,여행/레저,"피트니스/스포츠, 여행/레저, 골프, 레저/액티비티, B2C, 플랫폼/마켓플레이스, APP, WEB, O2O",5,3220
5,마인이스_차란,76.8,167.95,47,", 피트니스/스포츠","커머스, 패션, 어워즈1차후보, 팁스(TIPS)2022, 중고, 의류, 패션잡화, 중고패션, 패션테크, B2C, 플랫폼/마켓플레이스, APP, 중고거래/중고명품, 리셀",2,3210
6,해녀의부엌_해녀의 부엌,0.2,3.2,14,"커머스, 패션","푸드/농업, 콘텐츠/예술, 여성창업, 수산업, 신선식품, 가공식품, 한류/K-pop, 공연, B2C, 플랫폼/마켓플레이스, 상품판매/브랜드/하드웨어, WEB, 상품/하드웨어, 식당예약, 콘텐츠, 오프라인매장, 한류/K-POP/K-Contents",5,3200
7,스마트스코어_스마트스코어,304.5,193.75,307,피트니스/스포츠,"피트니스/스포츠, 예비유니콘, 골프, APP, WEB, 플랫폼/마켓플레이스, 데이터/API, 비대면/무인시스템/Untact, O2O, B2C",10,3190
8,의식주컴퍼니_런드리고,204.1667,61.6167,576,홈리빙/펫,"홈리빙/펫, 아기유니콘, 세탁, B2C, 플랫폼/마켓플레이스, APP, 비대면/무인시스템/Untact",6,3180
9,채널코퍼레이션_채널톡,42.32,12.99,163,"광고/마케팅, 인사/비즈니스/법률","광고/마케팅, 인사/비즈니스/법률, 예비유니콘, 마케팅솔루션, 협업률/생산성, B2B, 스타트업/창업자, SaaS/엔터프라이즈, 구독, WEB, 소프트웨어, 구독경제, 챗봇, 생성형AI",10,3170
10,모아이스_골프픽스,5,0.76,29,"AI/딥테크/블록체인, 피트니스/스포츠, 여행/레저","AI/딥테크/블록체인, 피트니스/스포츠, 여행/레저, 어워즈1차후보, 2022혁신의숲어워즈, 스포츠/운동, 골프, 취미교육, 레저/액티비티, 인공지능, 딥러닝/머신러닝, 비전센싱/영상인식/센서, B2C, 플랫폼/마켓플레이스, SaaS/엔터프라이즈, APP, O2O, 비대면/무인시스템/Untact, 에듀테크",5,3160
11,라포테이블_팔도감,35,4,35,"커머스, 푸드/농업","커머스, 푸드/농업, 어워즈1차후보, 이커머스, 유통, 반찬, 신선식품, 농업, 축산업, 수산업, B2C, 시니어/실버, 플랫폼/마켓플레이스, APP, WEB, 상품/하드웨어, O2O",2,3150
12,에이블리코퍼레이션_에이블리,247.7778,198.3111,299,"커머스, 패션","패션, 커머스, 예비유니콘, 의류, 신발, 패션잡화, 쥬얼리, 이커머스, 리뷰, B2C, 플랫폼/마켓플레이스, 상품판매/브랜드/하드웨어, APP, 인공지능, 빅데이터",9,3140
13,보이저엑스_브루,42.8571,0.4714,68,"AI/딥테크/블록체인, 콘텐츠/예술, 통신/보안/데이터","AI/딥테크/블록체인, 콘텐츠/예술, 통신/보안/데이터, 영상/비디오, 사진, 프로그래밍개발, 인공지능, B2C, SaaS/엔터프라이즈, APP, WEB, 소프트웨어, 콘텐츠, 생성형AI",7,3130
14,비바리퍼블리카_토스,1272.7273,1000,942,"금융/보험/핀테크, 통신/보안/데이터","금융/보험/핀테크, 통신/보안/데이터, K-유니콘, 결제/페이먼트, 보험/인슈어테크, 주식/증권, 은행, B2B, B2C, 거래수수료, APP",11,3120
15,플렉스_플렉스,96,16.02,182,"인사/비즈니스/법률, 통신/보안/데이터","인사/비즈니스/법률, 통신/보안/데이터, 조직관리/조직문화, 인사솔루션, 전자계약, 회계, 경리/경영관리, 클라우드, 프로그래밍개발, B2B, SaaS/엔터프라이즈, 구독, 용역, 소프트웨어, 비대면/무인시스템/Untact",5,3110
16,고이장례연구소_고이,9.6667,0.8333,18,기타,"기타, 팁스(TIPS)2023, B2C, 용역, 교육/컨설팅/용역, 기타서비스, 장례",3,3100
17,무신사_무신사,466.6667,590.2833,1555,"커머스, 패션","패션, 커머스, K-유니콘, 이커머스, 유통, 커뮤니티, 의류, 신발, 패션잡화, 쥬얼리, 명품/중고명품, B2C, 플랫폼/마켓플레이스, 상품판매/브랜드/하드웨어, APP, WEB, 상품/하드웨어, O2O, 오프라인매장",12,3090
18,백패커_아이디어스(idus),55.4167,45.6,176,"커머스, 푸드/농업, 홈리빙/펫","커머스, 푸드/농업, 홈리빙/펫, 예비유니콘, 이커머스, 반찬, 디저트, 가공식품, 생활용품/소품, 문구, B2C, 플랫폼/마켓플레이스, 거래수수료, APP, WEB, 상품/하드웨어, 교육/컨설팅/용역, O2O",12,3080
19,워시스왓_세탁특공대,22.7778,29.1778,301,홈리빙/펫,"홈리빙/펫, 세탁, 스마트팩토리, B2B, 플랫폼/마켓플레이스, B2C, APP, WEB, O2O",9,3070
20,힐링페이퍼_강남언니,19.4167,20.4083,115,헬스케어/바이오,"헬스케어/바이오, 예비유니콘, 커뮤니티, 병원정보, B2C, 플랫폼/마켓플레이스, APP, WEB",12,3060
21,컬리_컬리,1111.1111,2222.2222,2668,"커머스, 물류, 푸드/농업","물류, 커머스, 푸드/농업, K-유니콘, 예비유니콘, 이커머스, 라스트마일, 신선식품, B2C, 플랫폼/마켓플레이스, 상품판매/브랜드/하드웨어, APP, WEB, 상품/하드웨어, 비대면/무인시스템/Untact, 여성창업",9,3050
22,티오더,87.5,43.92,269,"커머스, 광고/마케팅, 인사/비즈니스/법률","광고/마케팅, 인사/비즈니스/법률, 커머스, 아기유니콘, 예비유니콘, 스마트오더, 소상공인, 빅데이터, B2B, SaaS/엔터프라이즈, 소프트웨어, 비대면/무인시스템/Untact",5,3040
23,매스프레소_콴다,169.7222,8.4111,144,"교육, AI/딥테크/블록체인","교육, AI/딥테크/블록체인, 예비유니콘, 수학, APP, WEB, 에듀테크, B2C, 플랫폼/마켓플레이스, 콘텐츠, 인공지능, 딥러닝/머신러닝, 검색/검색엔진, O2O, 비대면/무인시스템/Untact",9,3030
24,아우름플래닛_라이너,13.9583,0.2917,34,"통신/보안/데이터, AI/딥테크/블록체인","AI/딥테크/블록체인, 통신/보안/데이터, 인터넷기술, 모바일기술, 프로그래밍개발, 검색/검색엔진, B2B, B2C, 상품판매/브랜드/하드웨어, APP, 생성형AI",12,3020
25,모노리스_9.81파크,102.1429,20.9143,80,"여행/레저, 제조/하드웨어","여행/레저, 제조/하드웨어, 레저/액티비티, 인공지능, B2C, 렌탈/대여, 공간, 오프라인매장, 비대면/무인시스템/Untact",7,3010
26,와이즐리컴퍼니_와이즐리,31.1429,27.3,43,"커머스, 뷰티/화장품","뷰티/화장품, 커머스, 이커머스, 정기구독, 구독경제, 구독, 미용기기, B2C, 플랫폼/마켓플레이스, WEB, 상품/하드웨어",7,3000
27,우아한형제들_배달의민족,361.6429,2071.4286,2201,"커머스, 물류, 푸드/농업","물류, 커머스, 푸드/농업, K-유니콘(졸업), 이커머스, 리뷰, 라스트마일, 배달, 검색/검색엔진, B2B, B2C, 플랫폼/마켓플레이스, 광고, 거래수수료, APP, O2O, 코로나",14,2990
28,블래스트,22,3.75,52,"콘텐츠/예술, AI/딥테크/블록체인","콘텐츠/예술, AI/딥테크/블록체인, 애니메이션, 디자인, 미디어, 영상/미디어, 한류/K-pop, VR/AR, B2B, 상품판매/브랜드/하드웨어, 콘텐츠, 한류/K-POP/K-Contents",2,2980
29,페이타랩_패스오더,22.8333,1.7667,73,푸드/농업,"푸드/농업, 스마트오더, 소상공인, B2B, B2C, SaaS/엔터프라이즈, 거래수수료, 소프트웨어, 오프라인매장",6,2970
30,화이트큐브_챌린저스,10,6.4833,21,소셜미디어/커뮤니티,"소셜미디어/커뮤니티, 커뮤니티, B2B, B2C, 광고, APP, 콘텐츠, O2O",6,2960
31,브레이브모바일_숨고,49.6,31.38,123,"소셜미디어/커뮤니티, 인사/비즈니스/법률","인사/비즈니스/법률, 소셜미디어/커뮤니티, 재능공유, B2B, B2C, APP, WEB, 아웃소싱, 커뮤니티, 플랫폼/마켓플레이스, 거래수수료, 교육/컨설팅/용역, 공유경제/긱이코노미, 인테리어, 리모델링, 가사노동",10,2950
32,뱅크샐러드_뱅크샐러드,165.6667,3.6417,118,금융/보험/핀테크,"금융/보험/핀테크, 예비유니콘, 자산관리, 송금, B2C, SaaS/엔터프라이즈, APP, 교육/컨설팅/용역",12,2940
34,닥터나우_닥터나우,104.38,5.28,46,헬스케어/바이오,"헬스케어/바이오, 바이오/의료, 원격진료, 병원진료, B2B, B2C, 플랫폼/마켓플레이스, 상품판매/브랜드/하드웨어, 거래수수료, APP, O2O, 비대면/무인시스템/Untact",5,2920
35,인티그레이션_메디스트림,77.2,24.7,107,"소셜미디어/커뮤니티, 헬스케어/바이오","소셜미디어/커뮤니티, 헬스케어/바이오, 최근투자받은추천채용기업, SNS, 커뮤니티, B2C, APP, WEB",5,2910
36,마이플레이컴퍼니_플랫풋볼,4.1875,10.6625,40,"소셜미디어/커뮤니티, 피트니스/스포츠","피트니스/스포츠, 소셜미디어/커뮤니티, 어워즈1차후보, 스포츠/운동, 플랫폼/마켓플레이스, 렌탈/대여, 공간, 공유경제/긱이코노미, O2O, B2C, WEB",8,2900
37,아이헤이트플라잉버그스_밀당PT,52.925,10.9583,527,교육,"교육, 예비유니콘, 영어, APP, WEB, 에듀테크, 청소년교육, B2C, 구독, 교육/컨설팅/용역, 인공지능, 비대면/무인시스템/Untact",12,2890
38,메디테라피_메디테라피,37.1429,57.9857,95,"커머스, 뷰티/화장품","뷰티/화장품, 커머스, 최근투자받은추천채용기업, 이커머스, 스킨케어/클렌징, 헤어/바디, B2C, 상품판매/브랜드/하드웨어, WEB, 상품/하드웨어",7,2880
39,와드_캐치테이블,90.525,2.5375,186,푸드/농업,"푸드/농업, 식당예약, 맛집정보/리뷰, B2B, B2C, 플랫폼/마켓플레이스, APP, 소프트웨어",8,2870
40,야놀자_야놀자,1352.9412,214.0882,907,여행/레저,"여행/레저, K-유니콘, 숙박, B2B, B2C, APP, WEB, 레저/액티비티, 캠핑, 여행정보, 플랫폼/마켓플레이스, 거래수수료, 광고/검색엔진, O2O",17,2860
41,아키드로우_아키스케치,8,1.46,19,"홈리빙/펫, 부동산/건설, AI/딥테크/블록체인","부동산/건설, AI/딥테크/블록체인, 홈리빙/펫, 2022혁신의숲어워즈, 인테리어, 프롭테크, 인공지능, 3D그래픽/CG, 비전센싱/영상인식/센서, VR/AR, B2B, B2C, SaaS/엔터프라이즈, 구독, 소프트웨어, 비대면/무인시스템/Untact, 구독경제",10,2850
42,핏펫_핏펫,126.1429,42.8857,114,"금융/보험/핀테크, 홈리빙/펫","홈리빙/펫, 금융/보험/핀테크, 아기유니콘, 예비유니콘, 펫케어/펫테크, B2C, 플랫폼/마켓플레이스, 상품판매/브랜드/하드웨어, APP, 상품/하드웨어, O2O",7,2840
43,드라마앤컴퍼니_리멤버,166,12.975,175,인사/비즈니스/법률,"인사/비즈니스/법률, 구인구직/채용, 조직관리/조직문화, 비전센싱/영상인식/센서, B2B, B2C, SaaS/엔터프라이즈, APP, WEB, 콘텐츠",12,2830
44,데일리샷_데일리샷,20.8,2.1,37,"커머스, 푸드/농업","커머스, 푸드/농업, 이커머스, 스마트오더, 리뷰, 와인, 맥주, 기타주류, B2B, B2C, 플랫폼/마켓플레이스, 상품판매/브랜드/하드웨어, APP, 상품/하드웨어, O2O",6,2820
45,아토머스_마인드카페,37.2778,4.3556,85,"소셜미디어/커뮤니티, 헬스케어/바이오","헬스케어/바이오, 소셜미디어/커뮤니티, 디지털헬스케어, APP, WEB, 심리상담/정신건강, 커뮤니티, B2C, 플랫폼/마켓플레이스, 거래수수료, 교육/컨설팅/용역, 비대면/무인시스템/Untact, 오프라인매장",9,2810
46,더스윙_스윙,62.65,78.3833,53,모빌리티/교통,"모빌리티/교통, 예비유니콘, 이커머스, 마이크로모빌리티, B2C, 플랫폼/마켓플레이스, 상품판매/브랜드/하드웨어, 렌탈/대여, APP, 상품/하드웨어, 공유경제/긱이코노미",6,2800
47,핀다_핀다,71.6333,48.2222,130,"금융/보험/핀테크, AI/딥테크/블록체인","금융/보험/핀테크, AI/딥테크/블록체인, 대출, P2P, 빅데이터, B2C, 플랫폼/마켓플레이스, APP, WEB, 콘텐츠, 금융상품",9,2790
48,문토_문토,14.4,0.2,15,소셜미디어/커뮤니티,"소셜미디어/커뮤니티, SNS, 커뮤니티, B2C, 플랫폼/마켓플레이스, APP, 여성창업",5,2780
49,트레바리_트레바리,10,4.4778,30,소셜미디어/커뮤니티,"소셜미디어/커뮤니티, 커뮤니티, APP, WEB, B2C, 플랫폼/마켓플레이스, 콘텐츠, 교육/컨설팅/용역",9,2770
50,트웰브랩스_마렝고,90.375,6.15,33,"콘텐츠/예술, AI/딥테크/블록체인","AI/딥테크/블록체인, 콘텐츠/예술, 영상/비디오, 인공지능, B2B, SaaS/엔터프라이즈, 소프트웨어, 데이터/API, 생성형AI, 검색/검색엔진, 자연어처리/텍스트마이닝",4,2760
51,발란_발란,81.6667,99.0222,58,"커머스, 패션","커머스, 패션, 이커머스, 직구/역직구, 유통, 의류, 신발, 패션잡화, 쥬얼리, 명품/중고명품, B2C, 플랫폼/마켓플레이스, 거래수수료, APP, WEB, O2O",9,2750
52,캐비지_어글리어스,6.3333,10.9667,28,"커머스, 푸드/농업","푸드/농업, 커머스, 어워즈1차후보, 정기구독, 배달, 신선식품, 농업, B2C, 플랫폼/마켓플레이스, 구독, 구독경제, ESG",3,2740
53,엘박스_엘박스,48,1.76,50,인사/비즈니스/법률,"인사/비즈니스/법률, 법률, B2B, B2C, 클라우드, SaaS/엔터프라이즈, 구독, WEB, 데이터/API, 검색/검색엔진, 구독경제",5,2730
54,와디즈_와디즈,200,68.28,312,커머스,"커머스, 예비유니콘, 이커머스, 크라우드펀딩, B2C, 플랫폼/마켓플레이스, 거래수수료, APP, WEB, O2O",5,2720
55,가제트코리아_유심사,0.1313,1.225,34,"커머스, 통신/보안/데이터","통신/보안/데이터, 커머스, 어워즈1차후보, 팁스(TIPS)2022, 통신/네트워크/5G, 데이터, 모바일기술, 제조기술, 스마트폰, 이커머스, 리뷰, B2C, 플랫폼/마켓플레이스, 상품판매/브랜드/하드웨어, WEB, 상품/하드웨어",4,2710
56,크몽_크몽,38.25,23.7667,147,"소셜미디어/커뮤니티, 인사/비즈니스/법률","인사/비즈니스/법률, 소셜미디어/커뮤니티, 재능공유, B2B, B2C, APP, WEB, 아웃소싱, 커뮤니티, 플랫폼/마켓플레이스, 거래수수료, 교육/컨설팅/용역, 공유경제/긱이코노미",12,2700
57,라포랩스_퀸잇,213.75,46.25,141,"커머스, 패션","커머스, 패션, 이커머스, 시니어/실버, 큐레이션, 의류, 신발, 패션잡화, 쥬얼리, 명품/중고명품, 인공지능, 빅데이터, B2C, 여성, 플랫폼/마켓플레이스, 거래수수료, APP, O2O, 비대면/무인시스템/Untact",4,2690
58,모요_모요,13.3333,2.9667,34,통신/보안/데이터,"통신/보안/데이터, 데이터, 통신/네트워크/5G, 플랫폼/마켓플레이스, WEB, 구독, 정기구독, B2C, 소프트웨어",3,2680
59,에이피알_메디큐브,40.1,398.59,443,"패션, 뷰티/화장품","뷰티/화장품, 패션, 최근투자받은추천채용기업, K-유니콘, 스킨케어/클렌징, APP, WEB, 색조/메이크업, 향수, 의류, 패션잡화, 사진, B2C, 상품판매/브랜드/하드웨어, 상품/하드웨어, 오프라인매장",10,2670
60,테사_테사,24.2,4.38,14,"커머스, 콘텐츠/예술, 금융/보험/핀테크","금융/보험/핀테크, 커머스, 콘텐츠/예술, 크라우드펀딩, 미술, 전시, 투자, 자산관리, P2P, B2C, 플랫폼/마켓플레이스, 거래수수료, APP, 콘텐츠, 금융상품, 기타DeepTech, 비대면/무인시스템/Untact, 조각투자",5,2660
61,빌리지베이비_베이비빌리,13,6.05,53,"커머스, 소셜미디어/커뮤니티, 유아/출산","유아/출산, 커머스, 소셜미디어/커뮤니티, 2022혁신의숲어워즈, 유아용품, APP, WEB, 출산, 육아정보, 이커머스, 정기구독, 커뮤니티, B2C, 플랫폼/마켓플레이스, 구독, 거래수수료, 콘텐츠, 상품/하드웨어, 여성창업",6,2650
62,인프랩_인프런,9.2857,25.1,70,"커머스, 소셜미디어/커뮤니티, 교육","교육, 커머스, 소셜미디어/커뮤니티, 성인실무교육, APP, WEB, 에듀테크, 비대면교육, 외국어, 취미교육, 커뮤니티, B2C, 플랫폼/마켓플레이스, 콘텐츠, 교육/컨설팅/용역, 비대면/무인시스템/Untact",7,2640
63,정육각_정육각,149.625,51.8,128,"커머스, 푸드/농업","푸드/농업, 커머스, 최근투자받은추천채용기업, 아기유니콘, 예비유니콘, 신선식품, APP, WEB, 축산업, 이커머스, 유통, B2C, 플랫폼/마켓플레이스, 거래수수료",8,2630
64,버핏서울_버핏그라운드,11,10.7667,80,"헬스케어/바이오, 피트니스/스포츠","피트니스/스포츠, 헬스케어/바이오, 홈트레이닝, PT/피트니스, 스포츠/운동, B2C, 상품판매/브랜드/하드웨어, 기타서비스, 오프라인매장",6,2620
65,인플루디오_포카마켓,8,2.425,85,"커머스, 콘텐츠/예술, 소셜미디어/커뮤니티","커머스, 콘텐츠/예술, 소셜미디어/커뮤니티, 어워즈1차후보, APP, WEB, 한류/K-pop, 연예인, 이커머스, 중고, 메세지, B2C, 플랫폼/마켓플레이스, O2O, 중고거래/중고명품, 한류/K-POP/K-Contents",4,2610
66,쏘카_쏘카,453.1692,305.8154,432,"커머스, 모빌리티/교통","모빌리티/교통, 커머스, K-유니콘, 카쉐어링/차량공유, B2B, B2C, 렌탈/대여, APP, 공유경제/긱이코노미",13,2600
67,번개장터_번개장터,106.1538,23.4385,184,"커머스, 소셜미디어/커뮤니티","소셜미디어/커뮤니티, 커머스, 중고, 커뮤니티, B2C, 플랫폼/마켓플레이스, 광고, APP, WEB, 중고거래/중고명품, 리셀",13,2590
68,젠테_젠테스토어,25,77.375,74,"커머스, 패션","커머스, 패션, 2023혁신의숲어워즈, 이커머스, 의류, 패션잡화, 신발, 명품/중고명품,  B2C, 플랫폼/마켓플레이스, WEB, O2O",4,2580
69,트래블월렛_트래블월렛,67,3.8143,86,금융/보험/핀테크,"금융/보험/핀테크, 아기유니콘, 송금, 외환/환전,  B2B, B2C, 플랫폼/마켓플레이스, 거래수수료, APP, 소프트웨어",7,2570
70,여기어때_여기어떄,92.2222,339.8556,579,여행/레저,"여행정보,레저/액티비티,B2B,B2C,플랫폼/마켓플레이스,APP,WEB,O2O",9,2560
71,키노라이츠_키노라이츠,8,1.6833,32,콘텐츠/예술,"영화,드라마,애니메이션,OTT,인공지능,빅데이터,B2C,플랫폼/마켓플레이스,광고,APP,WEB,데이터/ API,스트리밍",6,2550
72,뉴빌리티_뉴비,39.2143,0.2429,108,제조/하드웨어,"로봇,지도/네비게이션/GPS,GIS/지리정보,자율주행,인공지능,B2C,상품판매/브랜드/하드웨어,소프트웨어",7,2540
73,클라썸_클라썸,37,1.55,64,교육,"영상/비디오,비대면교육,인공지능,B2B,B2C,콘텐츠,교육/컨설팅/용역,여성창업,에듀테크",6,2530
74,크리에이트립_크리에이트립,18.875,6.7375,60,여행/레저,"숙박,여행정보,레저/액티비티,B2B,B2C,광고,APP,WEB,여성창업",8,2520
75,리디_리디,240.9375,138.1563,470,콘텐츠/예술,"정기구독,웹툰/만화,B2C,플랫폼/마켓플레이스,구독,APP,WEB,콘텐츠,구독경제,웹소설",16,2510
76,아임웹_아임웹,12.5,21.0875,109,콘텐츠/예술,"디자인,B2B,B2C,플랫폼/마켓플레이스,SaaS/엔터프라이즈,WEB,소프트웨어,콘텐츠,교육/컨설팅/용역",8,2500
77,하이어다이버시티_하이어다이버시티,2.5,3.275,16,인사/비즈니스/법률,"외국어,구인구직/채용,B2C,플랫폼/마켓플레이스,WEB,교육/컨설팅/용역",4,2490
78,데이원컴퍼니_패스트캠퍼스,123.5714,148.7,478,"콘텐츠/예술,교육","영상/비디오,성인실무교육,비대면교육,B2C,플랫폼/마켓플레이스,거래수수료,WEB,콘텐츠,교육/컨설팅/용역,비대면/무인시스템/Untact,에듀테크",7,2480
79,한국신용데이터_캐시노트,274.775,69.95,175,"금융/보험/핀테크,인사/비지니스/법률","조직관리/조직문화,세무,회계,경리/경영관리,소상공인,빅데이터,B2B,플랫폼/마켓플레이스,SaaS/엔터프라이즈,APP,교육/컨설팅/용역,O2O",8,2470
80,다비오_다비오맵,19.5833,2.5417,57,"모빌리티/교통,부동산/건설","지도/네비게이션/GPS,GIS/지리정보,공간정보,드론,설계,스마트시티,프롭테크,인공지능,3D그래픽/CG,비전센싱/영상인식/센서,B2C,SaaS/엔터프라이즈,용역,WEB,소프트웨어,교육/컨설팅/용역,데이터/API",12,2460
81,스테이폴리오_스테이폴리오,12.2222,5.1111,39,"커머스,패션","숙박,여행정보,B2C,플랫폼/마켓플레이스,APP,WEB,O2O",9,2450
82,비즈플레이_비즈플레이,3.3,22.55,147,인사/비즈니스/법률,"화상회의/리모트워크/원격,세무,회계,경리/경영관리,문서작성,B2B,SaaS/엔터프라이즈,APP,데이터/API,비대면/무인시스템/Untact,코로나",10,2440
83,뉴넥스_브랜디,133.9,119.13,159,"커머스,패션","이커머스,리뷰,풀필먼트,의류,신발,패션잡화,쥬얼리,패션테크,B2C,플랫폼/마켓플레이스,광고,거래수수료,APP,상품/하드웨어",10,2430
84,코드잇_코드잇,20,4.3,76,교육,"성인실무교육,비대면교육,프로그래밍개발,기타기술,B2B,B2C,플랫폼/마켓플레이스,WEB,교육/컨설팅/용역,비대면/무인시스템/Untact,에듀테크,코딩",7,2420
85,트렌비_트렌비,107.1429,126,73,"커머스,패션","이커머스,직구/역직구,풀필먼트,의류,신발,패션잡화,명품/중고명품,패션테크,인공지능,B2C,플랫폼/마켓플레이스,APP,WEB,O2O,비대면/무인시스템/Untact",7,2410
86,자란다_자란다부모님용,55.875,11.375,71,교육,"초등교육,유아교육,선생님,B2C,플랫폼/마켓플레이스,구독,APP,WEB,교육/컨설팅/용역",8,2400
87,프리윌린_매쓰플랫,17.1429,13.0429,114,"교육,AI/딥테크/블록체인","수학,청소년교육,선생님,인공지능,빅데이터,B2C,APP,WEB,비대면/무인시스템/Untact,에듀테크",7,2390
88,링글잉글리시에듀케이션서비스_링글,24.3333,10.5111,52,교육,"영어,비대면교육,선생님,B2C,플랫폼/마켓플레이스,용역,APP,WEB,교육/컨설팅/용역,비대면/무인시스템/Untact,에듀테크",9,2380
89,비즈니스캔버스_타입드,30.625,1511.7,31,인사/비즈니스/법률,"협업툴/생산성,B2B,B2C,SaaS/엔터프라이즈,구독,WEB,상품/하드웨어,공간,구독경제",4,2370
90,뤼이드_산타,284.4,5.67,95,"교육,AI/딥테크/블록체인","영어,외국어,인공지능,딥러닝/머신러닝,B2C,플랫폼/마켓플레이스,구독,APP,콘텐츠,O2O,비대면/무인시스템/Untact,에듀테크",10,2360
91,크림_크림,976.5,114.875,174,"커머스,패션","이커머스,중고,의류,신발,패션잡화,중고패션,명품/중고명품,B2C,플랫폼/마켓플레이스,거래수수료,APP,WEB,중고거래/중고명품,리셀",4,2350
92,메라키플레이스_나만의닥터,25.6667,0.6,21,"물류,헬스케어/바이오","배송,디지털헬스케어,바이오/의료,원격진료,병원정보,B2B,B2C,플랫폼/마켓플레이스,APP,상품/하드웨어,비대면/무인시스템/Untact",3,2340
93,두나무_업비트,605.4167,1000,597,금융/보험/핀테크,"투자,주식/증권,B2C,플랫폼/마켓플레이스,거래수수료,APP,WEB,금융상품,기타DeepTech",12,2330
94,윙잇_윙잇,22.4444,45.6889,40,"커머스,푸드/농업","이커머스,간편식/HMR,반찬,신선식품,디저트,가공식품,B2C,플랫폼/마켓플레이스,APP,WEB",9,2320
95,데이터노우즈_리치고,25.26,1.36,26,"금융/보험/핀테크,부동산/건설,AI/딥테크/블록체인","자산관리,재테크,로보어드바이저/퀀트,프롭테크,상권분석,인공지능,빅데이터,B2B,B2C,SaaS/엔터프라이즈,APP,WEB,교육/컨설팅/용역,데이터/API",5,2310
96,넛지헬스케어_캐시워크,37.5,76.6375,212,"콘텐츠/예술,헬스케어/바이오,광고/마케팅","디지털헬스케어,스포츠/운동,리워드,B2C,플랫폼/마켓플레이스,광고,APP,콘텐츠",8,2300
97,생활연구소_청소연구소,44.375,12.1,89,홈리빙/펫,"청소,B2C,플랫폼/마켓플레이스,용역,APP,교육/컨설팀/용역",8,2290
98,패러닷_캐럿,6.6667,0.0992,7,"콘텐츠/예술,AI/딥테크/블록체인","영상/비디오,사진,B2C,플랫폼/마켓플레이스,거래수수료,APP,콘텐츠",3,2280
99,콜버스랩_자리톡,3.5556,1.4556,18,"모빌리티/교통,부동산/건설","카쉐어링/차량공유,대중교통,부동산중개,임대,B2B,B2C,렌탈/대여,APP,WEB,상품/하드웨어,공유경제/긱이코노미",9,2270
100,스푼라디오_스푼,83.75,55.5,115,"콘텐츠/예술,소셜미디어/커뮤니티","라디오,커뮤니티,B2C,플랫폼/마켓플레이스,거래수수료,APP,WEB,콘텐츠,스트리밍",8,2260
101,시제_모노리스,8.6667,0.2475,13,"통신/보안/데이터,AI/딥테크/블록체인","물류솔루션,SCN,의류,패션잡화,스마트팩토리,데이터,인공지능,B2B,SaaS/엔터프라이즈,WEB,소프트웨어",3,2250
102,직방_직방,259.6429,63.0643,281,부동산/건설,"부동산중개,프롭테크,상권분석,B2B,B2C,플랫폼/마켓플레이스,광고,APP,WEB,O2O",14,2240
103,퍼블리_퍼블리,20.3333,3.9444,33,"콘텐츠/예술,소셜미디어/커뮤니티,교육","커뮤니티,성인실무교육,비대면교육,B2C,플랫폼/마켓플레이스,구독,APP,WEB,콘텐츠,교육/컨설팅/용역,비대면/무인시스템/Untact,구독경제,여성창업,에듀테크,",9,2230
104,버즈빌_버즈빌,30.4167,85.8667,100,광고/마케팅,"애드테크,B2B,플랫폼/마켓플레이스,광고,APP,교육/컨설팅/용역",12,2220
105,지바이크_지쿠,17,74.5714,345,모빌리티/교통,"마이크로모빌리티,B2C,렌탈/대여,APP,상품/하드웨어,공유경제/긱이코노미",7,2210
106,네오사피엔스_타입캐스트,45.4286,3.3429,74,"콘텐츠/예술,AI/딥테크/블록체인","미디어,인공지능,딥러닝/머신러닝,자연어처리/텍스트마이닝,B2B,B2C,WEB,콘텐츠,한류/K-POP/K-Contents,생성형 AI",7,2200
107,브레인커머스_잡플래닛,9.4167,9.7333,127,"소셜미디어/커뮤니티,인사/비즈니스/법률,AI/딥테크/블록체인","커뮤니티,구인구직/채용,빅데이터,B2B,B2C,플랫폼/마켓플레이스,APP,WEB,데이터/API",12,2190
108,루센트블록_소유,53.3333,0.9333,43,"금융/보험/핀테크,부동산/건설,AI/딥테크/블록체인","투자,주식/증권,거래소,재테크,프롭테크,블록체인기술,B2C,플랫폼/마켓플레이스,거래수수료,금융상품,기타DeepTech,조각투자",6,2180
109,슈퍼브에이아이_슈퍼브에이아이,58.25,3.8,50,"통신/보안/데이터,AI/딥테크/블록체인","데이터,인터넷기술,프로그래밍개발,인공지능,딥러닝/머신러닝,B2B,B2C,SaaS/엔터프라이즈,구독,소프트웨어,데이터/API,구독경제",6,2170
110,브랜드엑스코퍼레이션_젝시믹스,35.7143,303.9143,205,"커머스,푸드/농업,패션","이커머스,의류,B2C,플랫폼/마켓플레이스,상품판매/브랜드/하드웨어,APP,WEB,상품/하드웨어",7,2160
111,케어닥_케어닥,52.5,3.75,69,헬스케어/바이오,"병원정보,요양,빅데이터,B2C,시니어/실버,플랫폼/마켓플레이스,APP,WEB,O2O",6,2150
112,자비스앤빌런즈_삼쩜삼,43.2222,55.1222,157,"금융/보험/핀테크,인사/비지니스/법률,AI/딥테크/블록체인","세무,회계,경리/경영관리,ERP/그룹웨어,블록체인기술,인공지능,빅데이터,B2B,SaaS/엔터프라이즈,구독,용역,APP,WEB,소프트웨어,교육/컨설팀/용역",9,2140
113,솜씨당컴퍼니_솜씨당,2.8571,1.5,31,"커머스,여행/레저","취미교육,선생님,B2B,B2C,플랫폼/마켓플레이스,APP,WEB,O2O,비대면/무인시스템/Untact",14,2130
114,레몬베이스_레몬베이스,33,2.175,69,"인사/비즈니스/법률,통신/보안/데이터","인사솔루션,프로그래밍개발,B2C,Saas/엔터프라이즈,소프트웨어",4,2120
115,엘알에치알_패피스,3.6667,0.0512,11,"커머스,패션","이커머스,의류,패션잡화,명품/중고명품,패션테크,B2C,플랫폼/마켓플레이스,WEB,O2O",3,2110
116,탈잉_탈잉,30.875,5.525,17,"콘텐츠/예술,교육","영상/비디오,취미교육,성인실무교육,B2B,B2C,플랫폼/마켓플레이스,APP,WEB,콘텐츠,교육/컨설팅/용역,O2O,비대면/무인시스템/Untact,스트리밍,에듀테크",8,2100
117,더슬립팩토리_파사,10,0.018,5,헬스케어/바이오,"의료기기,디지털치료제,B2C,SaaS/엔터프라이즈,상품판매/브랜드/하드웨어,APP,WEB,슬립테크,수면",2,2090
118,휴먼스케이프_마미톡,95.6875,4.7125,91,"헬스케어/바이오,유아/출산","바이오/의료,병원정보,육아정보,출산,B2C,플랫폼/마켓플레이스,APP,WEB",8,2080
119,스칼라데이터_모두의충전,5,1.3,24,모빌리티/교통,"배터리,전기차/수소차,데이터,빅데이터,B2C,플랫폼,마켓플레이스,APP,데이터/API,ESG",6,2070
120,룩코_에이클로젯,7.5,0.025,23,"커머스,패션,AI/딥테크/블록체인","이커머스,정기구독,의류,패션잡화,인공지능,B2C,플랫폼/마켓플레이스,APP,구독경제",4,2060
121,레진엔터테인먼트_레진코믹스,71.8455,71.2091,196,콘텐츠/예술,"출판,웹툰/만화,B2C,플랫폼/마켓플레이스,거래수수료,용역,APP,WEB,콘텐츠,교육/컨설팅/용역,비대면/무인시스템/Untact,웹소설",11,2050
122,미리디_미리캔버스,1.875,20.6813,289,"콘텐츠/예술,광고/마케팅","디자인,마케팅솔루션,B2C,플랫폼/마켓플레이스,SaaS/엔터프라이즈,WEB,콘텐츠,교육/컨설팅/용역",16,2040
123,패러다임시프트_히로인스,4,0.0069,6,"소셜미디어/커뮤니티,헬스케어/바이오","SNS,커뮤니티,다이어트,홈트레이닝,PT/피트니스,B2C,여성,APP",2,2030
124,아이쿠카_아이쿠카,1.6,0.52,11,"금융/보험/핀테크,유아/출산","자산관리,재테크,B2C,유아동,초등학생,플랫폼/마켓플레이스,APP",5,2020
125,로앤컴퍼니_로톡,30.8333,2.4583,53,"인사/비즈니스/법률,AI/딥테크/블록체인","법률,인공지능,B2C,플랫폼/마켓플레이스,APP,WEB,교육/컨설팅/용역,O2O",12,2010
126,더커머스_원셀,5.5556,0.0629,9,"커머스,인사/비지니스/법률","이커머스,경리/경영관리,B2B,SaaS/엔터프라이즈,소프트웨어,O2O",9,2000
127,카카오스타일_지그재그,8.3333,84.8667,536,"커머스,패션,AI/딥테크/블록체인","이커머스,큐레이션,리뷰,의류,신발,패션잡화,쥬얼리,패션테크,인공지능,빅데이터,B2C,여성,플랫폼/마켓플레이스,APP,상품/하드웨어",12,1990
128,필라이즈_필라이즈,50,0.1937,11,"헬스케어/바이오,AI/딥테크/블록체인","디지털헬스케어,건강기능식품,당뇨/고혈압/만성질환,인공지능,B2C,플랫폼/마켓플레이스,광고,APP,데이터/API,비대면/무인시스템/Untact",3,1980
129,비주얼_아몬드,30.5714,10.7429,63,"커머스,패션","이커머스,쥬얼리,B2C,플랫폼/마켓플레이스,APP,O2O",7,1970
130,리브애니웨어_리브애니웨어,17.75,25.3,34,"소셜미디어/커뮤니티,여행/레저","커뮤니티,숙박,여행정보,B2C,플랫폼/마켓플레이스,광고,거래수수료,APP,WEB,데이터/API,O2O",4,1960
131,애즈위메이크_큐마켓,10.6,1.42,34,물류,"배송,배송대행,B2C,플랫폼/마켓플레이스,용역,APP,교육/컨설팅/용역,O2O",5,1950
132,닥터다이어리_닥터다이어리,22.1429,113.4286,55,"커머스,소셜미디어/커뮤니티,헬스케어/바이오","이커머스,커뮤니티,디지털헬스케어,바이오/의료,원격진료,병원정보,B2B,B2C,플랫폼/마켓플레이스,SaaS/엔터프라이즈,상품판매/브랜드/하드웨어,APP,WEB,상품/하드웨어,소프트웨어,교육/컨설팅/용역",7,1940
133,팀스파르타_스파르타코딩클럽,32.5,54.925,170,교육,"취미교육,성인실무교육,비대면교육,프로그래밍개발,기타기술,플랫폼/마켓플레이스,콘텐츠,교육/컨설팅/용역,비대면/무인시스템/Untact,에듀테크",4,1930
134,콕스웨이브_얼라인AI,18.3333,0.6333,13,"통신/보안/데이터,AI/딥테크/블록체인","사진,프래그래밍개발,인공지능,딥러닝/머신러닝,B2B,SaaS/엔터프라이즈,WEB,소프트웨어",3,1920
135,제로엑스플로우_원아워,8.4286,0.3,13,"교육,AI/딥테크/블록체인","영어,외국어,인공지능,B2B,SaaS/엔터프라이즈,APP,교육/컨설팅/용역,에듀테크",7,1910
136,아파트너_아파트너,1.4286,4.7571,71,"소셜미디어/커뮤니티,홈리빙/펫,부동산/건설","커뮤니티,가사노동,B2B,플랫폼/마켓플레이스,거래수수료,APP,교육/컨설팅/용역,O2O,비대면/무인시스템/Untact",7,1900
137,프렌즈큐브_소모임,0.1538,1.6923,5,"소셜미디어/커뮤니티,여행/레저","커뮤니티,레저/액티비티,B2C,플랫폼/마켓플레이스,WEB,O2O,오프라인매장",13,1890
138,스트라드비젼_자율주행기능지원기술,143.7,6.62,264,"모빌리티/교통,AI/딥테크/블록체인","자율주행,인공지능,딥러닝/머신러닝,비전생성/영상인식/센서,B2B,SaaS/엔터프라이즈,소프트웨어",10,1880
139,세컨신드롬_미니창고다락,16.25,9.4375,28,물류,"창고,임대,B2B,B2C,구독,공간,공유경제/긱이코노미,O2O",8,1870
140,왓챠_왓챠,46.7692,56.4308,87,"콘텐츠/예술,AI/딥테크/블록체인","영화,영상/비디오,OTT,검색/검색엔진,B2C,플랫폼/마켓플레이스,구독,APP,WEB,콘텐츠,스트리밍",13,1860
141,튜링_수학대왕,13.3333,0.1164,31,"교육,AI/딥테크/블록체인","커뮤니티,수학,인공지능,B2C,플랫폼/마켓플레이스,APP,O2O,비대면/무인시스템/Untatct",6,1850
142,비엠스마일_페스룸,46.6667,56.2833,130,"커머스,홈리빙/펫","이커머스,유통,제조기술,사료,펫케어/펫테크,B2C,상품판매/브랜드/하드웨어,WEB,상품/하드웨어,펫용품",6,1840
143,퓨리오사에이아이_WARBOY,240,0.4286,112,"제조/하드웨어,AI/딥테크/블록체인","반도체,부품,제조기술,인공지능,B2B,상품판매/브랜드/하드웨어,용역,상품/하드웨어,소프트웨어,교육/컨설팅/용역,공정/자재/설비",7,1830
144,그립컴퍼니_그립,19.1667,21.9,171,"커머스, 콘텐츠/예술","이커머스, 라이브커머스",6,1820
145,카카오브이엑스_카카오골프예약,129.1667,148.0417,499,"헬스케어/바이오, AI/딥테크/블록체인","홈트레이닝, 스포츠/운동",12,1810
146,올거나이즈코리아_엘리,35.5,3.6667,39,인사/비즈니스/법률,"협업툴/생산성, 인공지능",6,1800
147,모레,112.5,34.35,76,AI/딥테크/블록체인,"프로그래밍개발, 인공지능",4,1790
148,오아시스_오아시스마켓,102.3077,328.6462,860,"커머스, 푸드/농업","이커머스, 유통, 간편식/HMR",13,1780
149,니어스랩,33.6667,2.0889,85,"모빌리티/교통, 통신/보안/데이터","공간정보, 드론, 데이터",9,1770
150,프렌트립_프립,16.2727,2.2818,25,소셜미디어/커뮤니티,"커뮤니티, 여행정보, 레저/액티비티",11,1760
151,바로팜_바로팜,40,3.12,51,헬스케어/바이오,"이커머스, 도매, 바이오/의료",5,1750
152,지엔터프라이즈_비즈넵,20.625,0.775,63,인사/비즈니스/법률,"조직관리/조직문화, 세무",8,1740
153,쿼타랩_쿼타북,2,0.62,30,금융/보험/핀테크,"주식/증권, 경리/경영관리",5,1730
154,어바웃펫_어바웃펫,28.9667,38.0583,77,"커머스, 홈리빙/펫","이커머스, 사료, 펫패션",12,1720
155,피클플러스_피클플러스,2.375,3.675,28,콘텐츠/예술,"방송, OTT, 기타예술",4,1710
156,큐피스트_글램,5.7143,18.4286,33,소셜미디어/커뮤니티,"커뮤니티, 데이팅, 플랫폼/마켓플레이스",7,1700
157,파이온코퍼레이션_브이캣,29,2.88,50,"콘텐츠/예술, 광고/마케팅","영상/비디오, 마케팅솔루션",5,1690
158,스페이스브이_삼삼엠투,1.6667,0.6167,21,부동산/건설,"부동산중개, 프롭테크",6,1680
159,바잇미_바잇미,12.8571,28.5857,45,"커머스, 홈리빙/펫","이커머스, 사료, 펫패션",7,1670
160,누비랩,19.6667,6.0667,59,"헬스케어/바이오, 푸드/농업","디지털헬스케어, 스마트팜/로봇",6,1660
161,머스트잇_머스트잇,40,27.5583,111,"커머스, 패션","이커머스, 직구/역직구",12,1650
162,페르소나에이아이_봇톡스,2.8571,3.9857,68,AI/딥테크/블록체인,"로봇, 인공지능, 딥러닝/머신러닝",7,1640
163,마크비전코리아,64,15.78,83,"커머스, 통신/보안/데이터","이커머스, 프로그래밍개발",5,1630
164,하이퍼커넥트_아자르,12.2,176.9,345,소셜미디어/커뮤니티,"SNS, 커뮤니티, 데이팅",10,1620
165,팬딩_팬딩,3.3333,10.1167,29,"콘텐츠/예술, 소셜미디어/커뮤니티",MCN/크리에이터,6,1610
166,띵스플로우_헬로우봇,4.1429,13.9143,62,소셜미디어/커뮤니티,"메세지 , 빅데이터, 자연어처리/텍스트마이닝",7,1600
167,위버케어_메디패스,5.7143,11.3429,54,"헬스케어/바이오, 인사/비즈니스/법률","디지털헬스케어, 바이오/의료",7,1590
168,마카롱팩토리_마이클,1.5556,11.3667,38,모빌리티/교통,"세차, 정비, 커넥티드카/ADAS",9,1580
169,스카이랩스_스카이랩스,50.7778,0.5333,59,"커머스, 헬스케어/바이오","이커머스, 디지털헬스케어",9,1570
170,위펀_스낵24,53.75,77.9833,220,"물류, 푸드/농업","배송, 퀵서비스, 디저트",6,1560
171,인터콘시스템스_,20.8696,13.0348,107,제조/하드웨어,"반도체, 제조기술, 데이터",23,1550
172,오케스트로_심포니 인공지능,250,56.35,445,인사/비즈니스/법률,"협업툴/생산성, 클라우드",6,1540
173,노머스_원더월,128,36.96,63,콘텐츠/예술,"취미교육, 성인실무교육",5,1530
174,마플코퍼레이션_마플샵,10.8,18.61,137,"커머스, 콘텐츠/예술","이커머스, 디자인, 제조기술",10,1520
175,마켓보로_식봄,74.625,1.95,96,"커머스, 물류","이커머스, 유통, 도매",8,1510
176,원프레딕트_원프레딕트,61.25,1.775,90,AI/딥테크/블록체인,"IoT, 인공지능, 딥러닝/머신러닝",8,1500
177,홀릭스팩토리_홀릭스,4.5,1.3417,1,소셜미디어/커뮤니티,"커뮤니티, 비대면교육",12,1490
178,닷슬래시대시_닷슬래시대시,30,0.038,32,"콘텐츠/예술, 소셜미디어/커뮤니티","영상/비디오, 숏폼",4,1480
179,파스토_파스토,166.6667,51.7,107,"물류, AI/딥테크/블록체인","물류솔루션, 배송, 풀필먼트",6,1470
180,오픈플랜_토글,7,0.68,25,금융/보험/핀테크,보험/인슈어테크,5,1460
181,크레이빙콜렉터_콜렉티브,13.75,0.875,12,"커머스, 패션","의류, 신발, 패션잡화",4,1450
182,데이터라이즈_데이터라이즈,25.2,1.2,44,"커머스, 광고/마케팅","이커머스, 애드테크, 마케팅솔루션",5,1440
183,딜리셔스_신상마켓,275,89.9333,218,"커머스, 물류, 패션","유통, 도매, 배송",3,1430
184,프렌들리에이아이_페리플로우,26.6667,0.3667,21,통신/보안/데이터,"데이터, 클라우드, 인터넷기술",3,1420
185,어댑트_푸드올로지,17.1429,155.2429,99,"커머스, 콘텐츠/예술","이커머스, 유통, 의류",7,1410
186,밀리의서재_밀리의서재,77.4375,57.275,161,콘텐츠/예술,"웹툰/만화, OTT",8,1400
187,타임앤코_롱블랙,3.6667,2.8333,26,콘텐츠/예술,"정기구독, 뉴스레터, 플랫폼/마켓플레이스",3,1390
188,오누이_설탭,20.125,37.1875,83,교육,"영어, 수학, 청소년교육",8,1380
189,테크랩스_점신,5.4545,47.6,289,소셜미디어/커뮤니티,"커뮤니티, 메세지 , 데이팅",11,1370
190,스타일봇_스타일봇,1.8,0.22,10,"패션, AI/딥테크/블록체인","의류, 패션테크, 인공지능",5,1360
191,로쉬코리아_오뉴,0.5,0.475,14,"콘텐츠/예술, 헬스케어/바이오","미술, 공연, 전시",4,1350
192,위허들링_위잇딜라이트,25.3571,14.7857,39,푸드/농업,"이커머스, 정기구독, 배송",7,1340
193,세븐픽쳐스_넷플연가,1.7875,0.8875,10,"콘텐츠/예술, 소셜미디어/커뮤니티","영화, 드라마, OTT",8,1330
194,원티드랩_원티드,52.5,55.8778,181,인사/비즈니스/법률,"구인구직/채용, 조직관리/조직문화",9,1320
195,엔라이즈_위피,12.3077,21.0769,88,소셜미디어/커뮤니티,"커뮤니티, 데이팅, 홈트레이닝",13,1310
196,서울로보틱스_서울로보틱스,59.2857,2.1,49,"모빌리티/교통, AI/딥테크/블록체인","자율주행, 커넥티드카/ADAS",7,1300
197,스펙터_스펙터,19.125,0.0504,26,인사/비즈니스/법률,"구인구직/채용, B2B",4,1290
198,포티투닷_탭,324,6.6,551,모빌리티/교통,"자율주행, 교통솔루션",5,1280
199,퓨처커넥트_리브팜,14.75,1.025,15,"커머스, 푸드/농업","신선식품, 농업, 스마트팜/로봇",4,1270
200,노타_노타키보드,30,2.2222,93,통신/보안/데이터,"데이터, 보안/암호화",9,1260
201,고퀄_헤이홈,7,11.89,53,홈리빙/펫,"가전, IoT, 인공지능, WEB",10,1250
202,마키나락스_MRX 솔루션,48.5714,4.3,115,"제조/하드웨어, AI/딥테크/블록체인","제조기술, 인공지능, 딥러닝/머신러닝",7,1240
203,인테리어티쳐_인테리어티쳐,20.25,10.425,32,"커머스, 홈리빙/펫","이커머스, 가구, 인테리어",4,1230
204,트립비토즈_트립비토즈,17.0333,8.5,69,여행/레저,"숙박, 여행정보, 렌터카",9,1220
205,웨이커_웨이커,13.75,0.0082,27,금융/보험/핀테크,"투자, 주식/증권",4,1210
206,모인_모인,31.3125,5.5875,57,금융/보험/핀테크,"P2P, 송금, 외환/환전",8,1200
207,패스트레인_여신티켓,21.4375,8,69,"헬스케어/바이오, 뷰티/화장품","바이오/의료, 병원정보",8,1190
208,커피챗_커피챗,6.6667,0.0659,7,소셜미디어/커뮤니티,"커뮤니티, 성인실무교육",3,1180
209,안다르_안다르,66.6667,281.7667,87,"커머스, 패션, 피트니스/스포츠","이커머스, 다이어트, 홈트레이닝",6,1170
210,하이브,631.5789,894.7368,796,콘텐츠/예술,"미디어, 방송, 음악",19,1160
211,운칠기삼_포스텔러,6,10.8857,50,"콘텐츠/예술, 소셜미디어/커뮤니티","기타예술, 커뮤니티, B2C",7,1150
212,비바이노베이션_착한의사,29.6667,3.3667,38,"헬스케어/바이오, AI/딥테크/블록체인","디지털헬스케어, 원격진료",6,1140
213,와이어드컴퍼니_케미,1.3333,24.3333,47,"커머스, 광고/마케팅, AI/딥테크/블록체인","커머스, 광고/마케팅, AI/딥테크/블록체인, 이커머스, 크라우드펀딩, 직구/역직구, 유통, 애드테크, 마케팅솔루션, 인공지능, 딥러닝/머신러닝, B2B, B2C, 플랫폼/마켓플레이스, 용역, WEB, 교육/컨설팅/용역, 인플루언서",6,1130
214,와그_와그,41.1111,4.6667,63,여행/레저,"여행/레저, 레저/액티비티, 숙박, 여행정보, B2C, SaaS/엔터프라이즈, WEB, 콘텐츠",9,1120
215,에아아이트릭스,63.125,0.0638,78,"헬스케어/바이오, AI/딥테크/블록체인","헬스케어/바이오, AI/딥테크/블록체인, 최근투자받은추천채용기업, 디지털헬스케어, 바이오/의료, 신약, 원격진료, 간호, 빅데이터, 인공지능, B2B, SaaS/엔터프라이즈, 구독, 소프트웨어, 데이터/API",8,1110
216,카카오헬스케어_파스타,600,9,188,헬스케어/바이오,"헬스케어/바이오, 디지털헬스케어, 병원정보, 인공지능, 데이터, B2C, SaaS/엔터프라이즈, WEB",2,1100
217,굿닥_굿닥,52.5,22,31,헬스케어/바이오,"헬스케어/바이오, 병원정보, B2C, 플랫폼/마켓플레이스, APP, 소프트웨어, 데이터/API, O2O, 비대면/무인시스템/Untact, 원격진료",4,1090
218,메이크스타_메이크스타,26.6667,53.2222,95,커머스,"커머스, 크라우드펀딩, 미디어, 음악, 한류/K-pop, 연예인, B2C, 플랫폼/마켓플레이스, WEB, 한류/K-POP/K-Contents, 팬덤",9,1080
219,라라잡_동네알바,2.1667,0.7333,18,"인사/비즈니스/법률, 통신/보안/데이터","인사/비즈니스/법률, 통신/보안/데이터, 구인구직/채용, 아르바이트, 모바일기술, 프로그래밍개발, B2B, B2C, 플랫폼/마켓플레이스, 거래수수료, APP, 교육/컨설팅/용역",6,1070
220,비마이프렌즈_비스테이지,126,0.4667,113,"커머스, 콘텐츠/예술","커머스, 콘텐츠/예술, 팬덤, B2C, B2B, MCN/크리에이터, 미디어, 한류/K-pop, 연예인, 이커머스, 정기구독, 플랫폼/마켓플레이스, 상품판매/브랜드/하드웨어, 구독, WEB, 상품/하드웨어, 콘텐츠, 구독경제",3,1060
221,천명앤컴퍼니_천명,10.4,3.62,25,콘텐츠/예술,"콘텐츠/예술, B2C, 구독, APP, 심리상담/정신건강, O2O",5,1050
222,아드리엘_아드리엘,29.2857,3.1143,53,"광고/마케팅, AI/딥테크/블록체인","광고/마케팅, AI/딥테크/블록체인, 아기유니콘, 애드테크, 마케팅솔루션, 소비자조사, 딥러닝/머신러닝, 빅데이터, B2B, B2C, SaaS/엔터프라이즈, WEB, 소프트웨어, 교육/컨설팅/용역, 여성창업",7,1040
223,맘편한세상_맘시터,16.25,2.075,24,"소셜미디어/커뮤니티, 유아/출산","소셜미디어/커뮤니티, 유아/출산, 돌봄, APP, WEB, 유아교육, 여성창업, 놀이, 육아정보, 커뮤니티, B2C, 플랫폼/마켓플레이스, 구독, O2O",8,1030
224,비브로스_뚝닥,34,1.9,60,헬스케어/바이오,"헬스케어/바이오, 바이오/의료, B2B, B2C, 병원정보, 이커머스, 플랫폼/마켓플레이스, 상품판매/브랜드/하드웨어, APP, 상품/하드웨어, 데이터/API, 비대면/무인시스템/Untact",11,1020
225,제주맥주_제주맥주,49.7222,26.6222,47,"커머스, 푸드/농업","커머스, 푸드/농업, 예비유니콘, 맥주, 이커머스, 제조기술, B2C, 상품판매/브랜드/하드웨어, 상품/하드웨어",9,1010
226,이그니스_에잇템,42.4,50.15,111,"커머스, 푸드/농업","커머스, 푸드/농업, 간편식/HMR, 이커머스, 비건, B2C, 플랫폼/마켓플레이스, 상품판매/브랜드/하드웨어, WEB, 상품/하드웨어, O2O",10,1000
227,몰로코_몰로코,587.25,69.65,147,광고/마케팅,"광고/마케팅, 애드테크, 마케팅솔루션, 딥러닝/머신러닝, 빅데이터, B2B, SaaS/엔터프라이즈, 교육/컨설팅/용역",4,990
228,허그램_티그램,7.5,227.275,10,"금융/보험/핀테크, AI/딥테크/블록체인","금융/보험/핀테크, AI/딥테크/블록체인, 인공지능, 딥러닝/머신러닝, SaaS/엔터프라이즈, 보험/인슈어테크, B2B, 자연어처리/텍스트마이닝",4,980
229,포스타입_포스타입,15.75,3.6875,33,콘텐츠/예술,"콘텐츠/예술, 아기유니콘, 웹툰/만화, 미술, 커뮤니티, B2C, 플랫폼/마켓플레이스, APP, WEB, 콘텐츠, 웹소설, 출판",8,970
230,코드박스_ZUZU,32.2857,0.6429,30,"금융/보험/핀테크, AI/딥테크/블록체인","금융/보험/핀테크, AI/딥테크/블록체인, 자산관리, 주식/증권, 블록체인기술, 빅데이터, B2B, SaaS/엔터프라이즈, 구독, 소프트웨어, 기타DeepTech",7,960
231,딥브레인에이아이_스픽나우,61.25,8.0875,77,AI/딥테크/블록체인,"AI/딥테크/블록체인, 로봇, 인공지능, 자연어처리/텍스트마이닝, B2B, SaaS/엔터프라이즈, 소프트웨어, 콘텐츠, 챗봇, 버추얼 휴면, 생성형AI",8,950
232,놀이의발견_놀이의발견,50,2.725,49,유아/출산,"유아/출산, 유아교육, 놀이, 키즈카페, 육아정보, B2C, 유아동, 초등학생, 플랫폼/마켓플레이스, APP, O2O",4,940
233,드림에이스,42.7778,1.9,66,"모빌리티/교통, 통신/보안/데이터","모빌리티/교통, 통신/보안/데이터, 자율주행, 프로그래밍개발, B2B, SaaS/엔터프라이즈, 소프트웨어",9,930
234,에이비일팔공,22.6111,30.2444,143,광고/마케팅,"광고/마케팅, 애드테크, 마케팅솔루션, 소비자조사, B2B, 용역, WEB, 소프트웨어, 교육/컨설팅/용역",9,920
235,레몬트리_퍼핀,28.3333,0.1071,14,"금융/보험/핀테크, 교육","금융/보험/핀테크, 교육, 에듀테크, 자산관리, 투자, 청소년교육, 비대면교육, B2C, 청소년, 초등학생, SaaS/엔터프라이즈, APP, 교육/컨설팅/용역",3,910
236,패스트뷰_뷰어스,20.8333,30.8833,81,"커머스, 콘텐츠/예술, 광고/마케팅","커머스, 콘텐츠/예술, 광고/마케팅, 아기유니콘, 이커머스, 유통, 애드테크, 마케팅솔루션, B2B, SaaS/엔터프라이즈, 용역, 소프트웨어, 콘텐츠, 교육/컨설팅/용역",6,900
237,패스트파이브_패스트파이브,121.1111,131.8111,268,부동산/건설,"부동산/건설, 코워킹, 임대, B2B, 렌탈/대여, 공간, 공유경제/긱이코노미",9,890
238,케어네이션_케어네이션,27.7273,3.1818,77,헬스케어/바이오,"헬스케어/바이오, 최근투자받은추천채용기업, 간호, B2B, B2C, APP, WEB, 요양, 바이오/의료, 의료기기, 구인구직/채용, 플랫폼/마켓플레이스, 거래수수료, 교육/컨설팅/용역, 빅데이터, O2O",11,880
239,모드하우스_모드하우스,34.6667,2.8,65,콘텐츠/예술,"콘텐츠/예술, 미디어, 방송, 음악, 한류/K-pop, 연예인, B2B, B2C, 용역, 콘텐츠",3,870
240,제제미미_쑥쑥찰칵,10.5,0.325,15,"소셜미디어/커뮤니티, 유아/출산","소셜미디어/커뮤니티, 유아/출산, 2023혁신의숲어워즈, 팁스(TIPS)2022, 영상/비디오, 커뮤니티, 육아정보, 사진, 디자인, B2C, 플랫폼/마켓플레이스, 광고, APP, 콘텐츠, 여성창업",4,860
241,어웨이크코퍼레이션_초원인,3.25,0.675,10,"소셜미디어/커뮤니티, 광고/마케팅, AI/딥테크/블록체인","소셜미디어/커뮤니티, 광고/마케팅, AI/딥테크/블록체인, 팁스(TIPS)2022, 마케팅솔루션, B2B, B2C, 애드테크, SNS, 빅데이터, 구독, SaaS/엔터프라이즈, 소프트웨어, 데이터/API",4,850
242,스켈터랩스_스켈터랩스,36.7778,0.7444,50,"광고/마케팅, 통신/보안/데이터, AI/딥테크/블록체인","광고/마케팅, 통신/보안/데이터, AI/딥테크/블록체인, 챗봇, 생성형AI, 프로그래밍개발, 마케팅솔루션, 소비자조사, 인공지능, 딥러닝/머신러닝, B2B, SaaS/엔터프라이즈, 용역, 교육/컨설팅/용역, 데이터/API, 소프트웨어",9,840
243,클로봇,40.1429,10.2,137,AI/딥테크/블록체인,"AI/딥테크/블록체인, 로봇, 인공지능, 딥러닝/머신러닝, B2B, SaaS/엔터프라이즈, 상품판매/브랜드/하드웨어, 용역, 상품/하드웨어, 소프트웨어, 교육/컨설팅/용역",7,830
244,부릉_부릉프렌즈,120,349.8545,195,물류,"물류, 예비유니콘, 배송대행, 풀필먼트, 라스트마일, 배달, 인공지능, 빅데이터, B2B, 용역, 교육/컨설팅/용역",11,820
245,루먼랩_굿비기닝,10,0.5,9,"헬스케어/바이오, 유아/출산","헬스케어/바이오, 유아/출산, 디지털헬스케어, 진단/검사, 육아정보, B2C, 플랫폼/마켓플레이스, APP, 인공지능",3,810
246,프레시지_프레시지,380,662.2375,354,"커머스, 푸드/농업","커머스, 푸드/농업, 예비유니콘, 밀키트, 간편식/HMR, 대체육, 신선식품, 가공식품, 이커머스, 정기구독, 배송, B2C, 플랫폼/마켓플레이스, 상품판매/브랜드/하드웨어, WEB, 상품/하드웨;어",8,800
247,한국시니어연구소_한국시니어연구소,30.75,1.375,13,헬스케어/바이오,"헬스케어/바이오, 요양, 간호, B2C, 시니어/실버, 플랫폼/마켓플레이스, 용역, WEB, 교육/컨설팅/용역, O2O",4,790
248,중고나라_중고나라,18.1818,9.1818,121,커머스,"커머스, 이커머스, 중고, B2C, 플랫폼/마켓플레이스, APP, WEB, 중고거래/중고명품, O2O, 리셀",11,780
249,스파크펫_놀로스퀘어,20,12.32,39,"커머스, 홈리빙/펫","커머스, 홈리빙/펫, 펫케어/펫테크, 펫용품, 사료, 동물병원/수의사, 이커머스, B2C, 플랫폼/마켓플레이스, WEB, 상품/하드웨어, 콘텐츠, 오프라인매장, O2O",5,770
250,오피지지_OP.GG,11.6667,15.2556,76,"소셜미디어/커뮤니티, 게임","소셜미디어/커뮤니티, 게임, 커뮤니티, LOL, B2C, 플랫폼/마켓플레이스, 광고, API, WEB, 콘텐츠, 코로나",9,760
251,앤스페이스_스페이스클라우드,1.5455,2.6818,26,"부동산/건설, AI/딥테크/블록체인","부동산/건설, AI/딥테크/블록체인, WEB, APP, 프롭테크, 여성창업, 검색/검색엔진, B2C, 플랫폼/마켓플레이스, 데이터/API, O2O",11,750
252,토스뱅크_토스뱅크,3250,1888.55,532,금융/보험/핀테크,"금융/보험/핀테크, 결제/페이먼트, 대출, 송금, 외환/환전, 은행, B2C, 거래수수료, APP",4,740
253,라프텔_라프텔,2,24.54,44,"커머스, 콘텐츠/예술","커머스, 콘텐츠/예술, 스트리밍, OTT, 애니메이션, 영상/비디오, 미디어, 플랫폼/마켓플레이스, 콘텐츠, 정기구독, 구독경제, 웹툰/만화",10,730
254,센트비_센트비,44.4444,24.5889,62,금융/보험/핀테크,"금융/보험/핀테크, 송금, B2B, B2C, APP, WEB, 결제/페이먼트, 외환/환전, SaaS/엔터프라이즈, 데이터/API",9,720
255,에이젠글로벌_에이젠글로벌,19.2125,3.6,39,"금융/보험/핀테크, 통신/보안/데이터, AI/딥테크/블록체인","금융/보험/핀테크, 통신/보안/데이터, AI/딥테크/블록체인, 자산관리, 인공지능, 빅데이터, 딥러닝/머신러닝, B2B, SaaS/엔터프라이즈, 소프트웨어, 데이터",8,710
256,어반베이스_어반베이스,15.4,1.4,2,홈리빙/펫,"홈리빙/펫, 가구, 인테리어, 생활용품/소품, 3D그래픽/CG, VR/AR, B2C, 플랫폼/마켓플레이스, APP, WEB, 소프트웨어, O2O",10,700
257,튜닙,10,0.0344,19,AI/딥테크/블록체인,"AI/딥테크/블록체인, 자연어처리/텍스트마이닝, 인공지능, 프로그래밍개발, B2B, SaaS/엔터프라이즈, 용역, WEB, 소프트웨어, 교육/컨설팅/용역",3,690
258,마드라체크_플로우,7.7778,7.7778,109,"인사/비즈니스/법률, 통신/보안/데이터","인사/비즈니스/법률, 통신/보안/데이터, 협업툴/생산성, 화상회의/리모트워크/원격근무, 데이터, 보안/암호화, 프로그래밍개발, B2B, SaaS/엔터프라이즈, 구독, 용역, 소프트웨어, 교육/컨설팅/용역, 데이터/API, 구독경제",9,680
259,컨텍터스_둥지,10.6667,1.9,20,"부동산/건설, AI/딥테크/블록체인","부동산/건설, AI/딥테크/블록체인, 팁스(TIPS)2022, 인공지능, IoT, 빅데이터, B2C, 시니어/실버, 플랫폼/마켓플레이스, WEB, 교육/컨설팅/용역, 비대면/무인시스템/Untact",3,670
260,피스피스스튜디오_마르디메크르디,125,93.275,95,"커머스, 패션","커머스, 패션, 의류, 패션잡화, 디자인, 이커머스, B2C, 상품/하드웨어, 상품판매/브랜드/하드웨어, WEB",4,660
261,스마트푸드네트웍스_차별화상회,115,237.375,104,물류,"물류, 물류솔루션, 풀필먼트, 콜드체인, B2B, 소프트웨어, 공간, O2O",4,650
262,엔젤스윙_엔젤스윙,1.875,0.9,10,"모빌리티/교통, 부동산/건설, 통신/보안/데이터","모빌리티/교통, 부동산/건설, 통신/보안/데이터, 초격차스타트업, 건축, 설계, 안전, 프롭테크, 자재, 드론, 데이터, 클라우드, B2B, SaaS/엔터프라이즈, 소프트웨어, 데이터/API, 비영리/기부/사회적기업",8,640
263,타인에이아이_오르락,19.75,0.0682,9,"소셜미디어/커뮤니티, 금융/보험/핀테크","소셜미디어/커뮤니티, 금융/보험/핀테크, 주식/증권, 자산관리, 빅데이터, 커뮤니티, B2C, 플랫폼/마켓플레이스, APP, 금융상품, 콘텐츠",4,630
264,온더룩_온더룩,20,0.1568,21,"소셜미디어/커뮤니티, 패션","소셜미디어/커뮤니티, 패션, SNS, 커뮤니티, 의류, 신발, 패션잡화, 패션테크, 인공지능, 검색/검색엔진, B2C, 플랫폼/마켓플레이스, APP, WEB",5,620
265,코멘토_코멘토,5.2222,4.2222,48,"소셜미디어/커뮤니티, 인사/비즈니스/법률","소셜미디어/커뮤니티, 인사/비즈니스/법률, WEB, APP, 커뮤니티, 구인구직/채용, B2C, 플랫폼/마켓플레이스, 거래수수료, 교육/컨설팅/용역, 공유경제/긱이코노미",9,610
266,티맵모빌리티_티맵,1683.25,511.525,372,모빌리티/교통,"모빌리티/교통, 지도/네비게이션/GPS, GIS/지리정보, 공간정보, 주차, 자율주행, 교통솔루션, 택시, 대중교통, 대리운전, 자연어처리/텍스트마이닝, B2C, 플랫폼/마켓플레이스, 구독, 거래수수료, APP, O2O",4,600
267,쉐어잇_쉐어잇,10.7143,5.7857,31,부동산/건설,"부동산/건설, 아기유니콘, 코워킹, B2B, B2C, 플랫폼/마켓플레이스, 렌탈/대여, APP, WEB, 공간, 공유경제/긱이코노미, O2O",7,590
268,팀프레시_팀프레시,391.6667,383.9333,396,"물류, 푸드/농업","물류, 푸드/농업, 예비유니콘, 배송대행, 풀필먼트, 콜드체인, 신선식품, B2B, SaaS/엔터프라이즈, 용역, 교육/컨설팅/용역, O2O, D2C",6,580
269,타이드스퀘어_투어비스,90,17.2,431,"커머스, 여행/레저","커머스, 여행/레저, 숙박, APP, WEB, 여행정보, 항공권, 이커머스, B2C, 상품판매/브랜드/하드웨어, 상품/하드웨어, O2O",15,570
270,작당모의_잼페이스,18,0.5667,25,"콘텐츠/예술, 뷰티/화장품, AI/딥테크/블록체인","콘텐츠/예술, 뷰티/화장품, AI/딥테크/블록체인, 아기유니콘, 큐레이션, 스킨케어/클렌징, 색조/메이크업, 뷰티테크, 화장품정보/리뷰, 플랫폼/마켓플레이스, APP, 콘텐츠, 여성창업",6,560
271,쿠캣_쿠캣,38.17,37.25,112,"커머스, 콘텐츠/예술, 푸드/농업","커머스, 콘텐츠/예술, 푸드/농업, 간편식/HMR, APP, WEB, 반찬, 건강기능식품, 전통주, 밀키트, 이커머스, 유통, B2C, 플랫폼/마켓플레이스, 상품판매/브랜드/하드웨어, 상품/하드웨어, 콘텐츠, O2O, 오프라인매장",10,550
272,드림어스컴퍼니_FLO,52,109.748,336,"커머스, 콘텐츠/예술, AI/딥테크/블록체인","커머스, 콘텐츠/예술, AI/딥테크/블록체인, B2B, B2C, 음악, 인공지능, 이커머스, 유통, 플랫폼/마켓플레이스, 구독, 상품판매/브랜드/하드웨어, APP, 콘텐츠, 구독경제, 스트리밍",25,540
273,비프로컴퍼니_비프로11,24.7778,2.6556,17,"콘텐츠/예술, 통신/보안/데이터, AI/딥테크/블록체인","콘텐츠/예술, 통신/보안/데이터, AI/딥테크/블록체인, APP, WEB, 인공지능, 영상/비디오, 데이터, B2C, 광고, 콘텐츠, 데이터/API",9,530
274,구름_구름EDU,1.8182,8.1364,127,"교육, 통신/보안/데이터","교육, 통신/보안/데이터, 에듀테크, 클라우드, 프로그래밍개발, 비대면교육, 선생님, B2B, SaaS/엔터프라이즈, 용역, 소프트웨어, 교육/컨설팅/용역, 데이터/API",11,520
275,뉴로핏,60,0.8625,115,"헬스케어/바이오, AI/딥테크/블록체인","헬스케어/바이오, AI/딥테크/블록체인, 최근투자받은추천채용기업, 바이오/의료, 진단/검사, 인공지능, B2B, SaaS/엔터프라이즈, 소프트웨어, O2O, 비대면/무인시스템/Untact",8,510
276,테크타카_아르고,62.75,5.65,65,"물류, 통신/보안/데이터","물류, 통신/보안/데이터, 예비유니콘, 물류솔루션, 데이터, B2B, SaaS/엔터프라이즈, 용역, 소프트웨어, 교육/컨설팅/용역, 데이터/API",4,500
277,한패스_한패스,7.1429,34.2286,115,금융/보험/핀테크,"금융/보험/핀테크, P2P, 송금, 외환/환전, B2B, B2C, 거래수수료, APP",7,490
278,누트컴퍼니_위버딩,9.5,0.2833,17,커머스,"커머스, 이커머스, 검색/검색엔진, B2C, 플랫폼/마켓플레이스, 상품판매/브랜드/하드웨어, WEB, 상품/하드웨어",6,480
279,인덴트코퍼레이션_브이리뷰,30.3333,1.05,32,"광고/마케팅, AI/딥테크/블록체인","광고/마케팅, AI/딥테크/블록체인, 리뷰, 마케팅솔루션, 협업툴/생산성, 인공지능, B2B, SaaS/엔터프라이즈, 소프트웨어, 데이터/API",6,470
280,르보아르테_롸버트치킨,17.5,1.8167,25,푸드/농업,"푸드/농업, 로봇, 인공지능, B2C, 상품판매/브랜드/하드웨어, 상품/하드웨어, 오프라인매장, 비대면/무인시스템/Untact, 여성창업",6,460
281,스캐터랩_연애의과학,28.6923,0.4385,50,"콘텐츠/예술, 통신/보안/데이터","콘텐츠/예술, 통신/보안/데이터, 미디어, 여행정보, 인공지능, APP, WEB, 콘텐츠, 비대면/무인시스템/Untact, 챗봇, 생성형AI",13,450
282,엑스와이지,29,5.8,40,"푸드/농업, 제조/하드웨어, AI/딥테크/블록체인","푸드/농업, 제조/하드웨어, AI/딥테크/블록체인, 아기유니콘, 로봇, 제조기술, 인공지능, 음료, 디저트, B2B, 상품판매/브랜드/하드웨어, SaaS/엔터프라이즈, 상품/하드웨어, 소프트웨어, 비대면/무인시스템/Untact, 오프라인매장",5,440
283,마이프랜차이즈_마이프차,25,3.22,34,"인사/비즈니스/법률, AI/딥테크/블록체인","인사/비즈니스/법률, AI/딥테크/블록체인, 창업, APP, WEB, 빅데이터, B2B, 플랫폼/마켓플레이스, 교육/컨설팅/용역, 데이터/API, 비대면/무인시스템/Untact",5,430
284,밸류맵_밸류맵,8.2667,0.2222,31,부동산/건설,"부동산/건설, 프롭테크, APP, WEB, 상권분석, 부동상중개, B2C, 플랫폼/마켓플레이스, 용역, 거래수수료, 교육/컨설팅/용역, 인공지능, O2O",9,420
285,센드버드코리아_센드버드,208.9833,21.4583,135,"소셜미디어/커뮤니티, 통신/보안/데이터","소셜미디어/커뮤니티, 통신/보안/데이터, 메세지, 챗봇, 생성형AI, 통신/네트워크/5G, B2B, SaaS/엔터프라이즈, APP, 소프트웨어, 데이터/API",12,410
286,코드스테이츠_코드스테이츠,6.6667,60.05,38,"교육, AI/딥테크/블록체인","교육, AI/딥테크/블록체인, 아기유니콘, 성인실무교육, 코딩, 블록체인기술, 인공지능, 기타기술, B2C, 콘텐츠, 교육/컨설팅/용역, 비대면/무인시스템/Untact, 에듀테크, 프로그래밍개발",6,400
287,글라우드_저스트스캔,7.5,0.525,27,헬스케어/바이오,"헬스케어/바이오, 팁스(TIPS)2022, 디지털헬스케어, 진단/검사, B2B, SaaS/엔터프라이즈, WEB, 비대면/무인시스템/Untact, 상품/하드웨어",4,390
288,랜식_글루코핏,6,0.0162,4,헬스케어/바이오,"헬스케어/바이오, 바이오/의료, 다이어트, 의료기기, B2C, 플랫폼/마켓플레이스, APP, 교육/컨설팅/용역",2,380
289,센디_센디,15,5.5273,41,물류,"물류, 물류솔루션, 배송, 이사, B2B, B2C, 용역, APP, WEB",11,370
290,피처링_피처링,11.4,6.34,25,"광고/마케팅, AI/딥테크/블록체인","광고/마케팅, AI/딥테크/블록체인, 마케팅솔루션, 인공지능, B2C, 플랫폼/마켓플레이스, WEB, 데이터/API, 인플루언서",5,360
291,토스페이먼츠_토스비즈니스,675,1840.525,263,금융/보험/핀테크,"금융/보험/핀테크, 결제/페이먼트, B2B, SaaS/엔터프라이즈, 소프트웨어, 데이터/API",4,350
292,셀렉트스타_캐시미션,29,7.1167,10,"통신/보안/데이터, AI/딥테크/블록체인","통신/보안/데이터, AI/딥테크/블록체인, 데이터, 인공지능, 빅데이터, 비전센싱/영상인식/센서, B2B, SaaS/엔터프라이즈, 용역, APP, WEB, 소프트웨어, 교육/컨설팅/용역, 데이터/API",6,340
293,블루시그넘_하루콩,2.6,0.88,18,"콘텐츠/예술, 헬스케어/바이오","콘텐츠/예술, 헬스케어/바이오, 팁스(TIPS)2022, 디지털헬스케어, 심리상담/정신건강, 여성창업, 기타예술, B2C, 플랫폼/마켓플레이스, APP, 콘텐츠, 검색/검색엔진, O2O, 비대면/무인시스템/Untact",5,330
294,벙커키즈_마이쉽단,6.5,1.4,8,헬스케어/바이오,"헬스케어/바이오, 다이어트, APP, WEB, 바이오/의료, B2C, 플랫폼/마켓플레이스",4,320
295,수퍼톤_고요,10,1.6,54,"콘텐츠/예술, AI/딥테크/블록체인","콘텐츠/예술, AI/딥테크/블록체인, 음악, 인공지능, B2B, B2C, SaaS/엔터프라이즈, 소프트웨어, 콘텐츠, 생성형AI",4,310
296,테일러타운_댄블,4.5,0.65,14,"커머스, 패션","커머스, 패션, 팁스(TIPS)2022, 스타일테크, 의류, 신발, 패션잡화, 이커머스, 큐레이션, 플랫폼/마켓플레이스, WEB, 상품/하드웨어, 여성창업",2,300
297,이팝소프트_말해보카,16.6667,12.7167,49,교육,"교육, 영어, 인공지능, B2C, 플랫폼/마켓플레이스, APP, WEB, 교육/컨설팅/용역, 에듀테크",6,290
298,퀄슨_리얼클래스,12.7,16.4917,39,"콘텐츠/예술, 교육, AI/딥테크/블록체인","콘텐츠/예술, 교육, AI/딥테크/블록체인, 음악, 영화, 영상/비디오, 드라마, 영어, 비대면교육, 인공지능, B2C, 플랫폼/마켓플레이스, 구독, APP, WEB, 교육/컨설팅/용역, 비대면/무인시스템/Untact, 에듀테크",12,280
299,아들러_아들러,17,0.0177,3,"소셜미디어/커뮤니티, AI/딥테크/블록체인","소셜미디어/커뮤니티, AI/딥테크/블록체인, SNS, 3D그래픽/CG, VR/AR, B2B, B2C, 플랫폼/마켓플레이스, WEB, 콘텐츠, 비대면/무인시스템/Untact",3,270
300,한국공간데이터_클리니어,16.6667,13.8,60,"홈리빙/펫, 부동산/건설, AI/딥테크/블록체인","홈리빙/펫, 부동산/건설, AI/딥테크/블록체인, B2B, B2C, 프롭테크, 청소, SaaS/엔터프라이즈, 플랫폼/마켓플레이스, 용역, 소프트웨어, WEB, 교육/컨설팅/용역, O2O",6,260
301,룰루메딕_룰루메딕,25,5.4,73,헬스케어/바이오,"헬스케어/바이오, 원격진료, 디지털헬스케어, 당뇨/고혈압/만성질환, B2C, 플랫폼/마켓플레이스, APP, 교육/컨설팅/용역, 비대면교육",2,250
302,플랭_플랭,1,0.28,11,"콘텐츠/예술, 교육, AI/딥테크/블록체인","콘텐츠/예술, 교육, AI/딥테크/블록체인, 2022혁신의숲어워즈, 영어, B2B, B2C, 에듀테크, 비대면교육, 인공지능, 영상/비디오, 구독, 광고, APP, 콘텐츠, 교육/컨설팅/용역, 비대면/무인시스템/Untact",5,240
303,백퍼센트_충전돼지,10,6.76,32,제조/하드웨어,"제조/하드웨어, 배터리, 기계장비, B2B, B2C, 상품판매/브랜드/하드웨어, APP, 상품/하드웨어",5,230
304,킥더허들_피토틱스,23.75,49.15,110,"커머스, 헬스케어/바이오","커머스, 헬스케어/바이오, 이커머스, 바이오/의료, 건강기능식품, B2C, 플랫폼/마켓플레이스, 상품판매/브랜드/하드웨어, WEB, 상품/하드웨어",6,220
305,지에프에프치_노티드,42.8571,75.5857,592,푸드/농업,"푸드/농업, 음료, 디저트, 오프라인매장, B2C, 상품판매/브랜드/하드웨어, 상품/하드웨어",7,210
306,트릿지_트릿지,157.4444,126.8111,202,"커머스, 물류, 푸드/농업","커머스, 물류, 푸드/농업, K-유니콘, 예비유니콘, 유통, 물류솔루션, 풀필먼트, 신선식품, 농업, 수산업, B2B, 플랫폼/마켓플레이스, WEB",9,200
307,루닛_루닛 인사이트 CXR,144.6364,12.6,271,"헬스케어/바이오, AI/딥테크/블록체인","헬스케어/바이오, AI/딥테크/블록체인, 디지털헬스케어, 진단/검사, 암, B2B, SaaS/엔터프라이즈, 소프트웨어, 인공지능, 딥러닝/머신러닝, O2O, 비대면/무인시스템/Untact",11,190
308,스페이스오디티_케이팝레이더,9.4286,0.6857,15,콘텐츠/예술,"콘텐츠/예술, 미디어, 음악, 한류/K-pop, 연예인, B2C, 플랫폼/마켓플레이스, APP, WEB, 한류/K-POP/K-Contents",7,180
309,더자람컴퍼니_그로우앤베터,2.3333,1.8667,7,"교육, 인사/비즈니스/법률","교육, 인사/비즈니스/법률, 팁스(TIPS)2022, 성인실무교육, 비대면교육, 조직관리/조직문화, WEB, 교육/컨설팅/용역, 여성창업, 에듀테크",3,170
310,샤플앤컴퍼니_샤플,8.3333,1.5778,31,인사/비즈니스/법률,"인사/비즈니스/법률, 아기유니콘, 인사솔루션, 협업툴/생산성, SaaS/엔터프라이즈, APP, WEB",9,160
311,라이드플럭스,48.6667,0.7833,86,"모빌리티/교통, AI/딥테크/블록체인","모빌리티/교통, AI/딥테크/블록체인, 자율주행, 인공지능, 딥러닝/머신러닝, B2B, SaaS/엔터프라이즈, 소프트웨어",6,150
312,탑코_탑툰,24.2,71.66,247,콘텐츠/예술,"콘텐츠/예술, 웹툰/만화, APP, WEB, B2C, 플랫폼/마켓플레이스, 거래수수료, 콘텐츠",10,140
313,먼치팩토리_아워플레이스,2.5,5.875,17,콘텐츠/예술,"콘텐츠/예술, 영상/비디오, 사진, B2C, 플랫폼/마켓플레이스, 렌탈/대여, APP, WEB, 공간, 공유경제/긱이코노미, O2O",8,130
314,카카오뱅크_카카오뱅크,4375,2000,1553,"금융/보험/핀테크, 통신/보안/데이터","금융/보험/핀테크, 통신/보안/데이터, 결제/페이먼트, 자산관리, 대출, 송금, 주식/증권, 은행, 데이터, 보안/암호화, B2C, SaaS/엔터프라이즈, APP, 금융상품",8,120
315,와탭랩스,20,6.9,77,통신/보안/데이터,"통신/보안/데이터, 아기유니콘, 데이터, 클라우드, 프로그래밍개발, B2B, SaaS/엔터프라이즈, 소프트웨어",9,110
316,스팬딧,5.5556,1.1111,23,"인사/비즈니스/법률, 통신/보안/데이터","인사/비즈니스/법률, 통신/보안/데이터, 경리/경영관리, ERP/그룹웨어, 회계, 프로그래밍개발, B2B, SaaS/엔터프라이즈, 구독, 용역, 소프트웨어, 교육/컨설팅/용역, 데이터/API",9,100
317,코리아포트원_포트원,0.3077,4.4846,56,"커머스, 금융/보험/핀테크","커머스, 금융/보험/핀테크, 결제/페이먼트, 이커머스, B2B, SaaS/엔터프라이즈, 용역, 데이터/API",13,90
318,엔씽,20.17,1.81,25,푸드/농업,"푸드/농업, 스마트팜/로봇, IoT, 빅데이터, B2B, B2C, 상품판매/브랜드/하드웨어, 상품/하드웨어",10,80
319,어스얼라이언스_탄탄셀렉트(차이나탄),1.6923,5.5077,62,"콘텐츠/예술, 교육","콘텐츠/예술, 교육, 영상/비디오, 외국어, 비대면교육, B2C, 플랫폼/마켓플레이스, 상품판매/브랜드/하드웨어, APP, WEB, 교육/컨설팅/용역, 비대면/무인시스템/Untact, 에듀테크",13,70
320,베어로보틱스_서비,314.2143,37.4571,125,"제조/하드웨어, AI/딥테크/블록체인","제조/하드웨어, AI/딥테크/블록체인, 최근투자받은추천채용기업, 로봇, 제조기술, B2B, 상품판매/브랜드/하드웨어, 상품/하드웨어, 비대면/무인시스템/Untact, 스마트오더",7,60
321,그레이드헬스체인_로그,17,0.4,24,"금융/보험/핀테크, 헬스케어/바이오, AI/딥테크/블록체인","금융/보험/핀테크, 헬스케어/바이오, AI/딥테크/블록체인, 초격차스타트업, 보험/인슈어테크, 디지털헬스케어, 바이오/의료, 빅데이터, B2C, APP, 비대면/무인시스템/Untact, 금융상품, 건강검진",5,50
322,솔닥_솔닥,12,0.4167,16,헬스케어/바이오,"헬스케어/바이오, 디지털헬스케어, 바이오/의료, 진단/검사, 원격진료, 건강기능식품, 검색/검색엔진, B2C, 플랫폼/마켓플레이스, 상품판매/브랜드/하드웨어, WEB, 상품/하드웨어, 교육/컨설팅/용역, 비대면/무인시스템/Untact",6,40
323,그로비교육_슈퍼브이,120,978.8333,125,교육,"교육, 유아교육, 에듀테크, 비대면교육, B2C, 플랫폼/마켓플레이스, WEB, 콘텐츠",3,30
324,에이아이포펫_티티케어,11.875,0.275,37,"홈리빙/펫, AI/딥테크/블록체인","홈리빙/펫, AI/딥테크/블록체인, 펫케어/펫테크, 여성창업, 동물병원/수의사, 인공지능, 비전센싱/영상인식/센서, B2C, 광고, APP, 콘텐츠, 교육/컨설팅/용역, 비대면/무인시스템/Untact",4,20
325,오니스트_오니스트,2,8.75,14,"커머스, 헬스케어/바이오, 뷰티/화장품","커머스, 헬스케어/바이오, 뷰티/화장품, 이커머스, 유통, 건강기능식품, 스킨케어/클렌징, B2C, 상품판매/브랜드/하드웨어, WEB, 상품/하드웨어, 여성창업",4,10
326,마인딩_마이루틴,1,0.2156,10,헬스케어/바이오,"헬스케어/바이오, 심리상담/정신건강, APP, WEB, 리뷰, B2C, 플랫폼/마켓플레이스, 콘텐츠",4,1